singer,song,low,high,super_high
Ado,新時代(ウタ from ONE PIECE FILM RED),2mid1E,3hiD,3hiF#
Ado,私は最強(ウタ from ONE PIECE FILM RED),2mid2A,3hiD,3hiE
Ado,逆光(ウタ from ONE PIECE FILM RED),2mid1G#,3hiC#,2mid2G#
Ado,ウタカタララバイ,2mid2A#,3hiD#,3hihiC#
Ado,うっせぇわ,2mid2A,3hiD#,3hiC
Ado,踊,2mid1F,3hiF,3hihiD#
Ado,会いたくて,2mid1F,3hiD,3hiF
Ado,夜のピエロ,2mid1G#,3hiC,3hiD#
Ado,レディメイド,2mid1C#,3hiD#,3hiD#
Ado,心という名の不可解,2mid1E,3hiF,3hiF
Ado,ギラギラ,2mid1F#,3hiD,3hiD#
Ado,阿修羅ちゃん,2mid1C#,3hiC#,
Ado,マザーランド,2mid1F#,3hiD#,3hiG#
Ado,Tot Musica,2mid1E,3hiD,
Ado,風のゆくえ,2mid1F,3hiD,2mid2F#
Ado,世界のつづき,2mid1E,3hiD,3hiE
Ado,永遠のあくる日,2mid1E,3hiD,3hiE
Ado,ドメスティックでバイオレンス,2mid1D,3hiC#,3hiA#
Ado,ラッキー・ブルート,2mid1F#,3hiC#,3hiC#
Ado,FREEDOM,2mid1F#,3hiE,3hiG
Ado,花火,2mid2A#,3hiA#,3hiD#
Ado,金木犀(feat. Ado),2mid1F,3hiB,3hiE
Ado,過学習,2mid1G#,3hiC,3hiE
Aqua Timez,千の夜をこえて,2mid1C#,3hiA#,
Aqua Timez,夏のかけら,2mid1E,2mid2F#,
Aqua Timez,決意の朝に,2mid1E,2mid2F#,
Aqua Timez,等身大のラブソング,2mid1F,2mid2G,
Aqua Timez,ALONES,2mid1G,2mid2G#,
Aqua Timez,虹,2mid1F,2mid2G#,
Aqua Timez,プルメリア 〜花唄〜,2mid1F#,3hiA,
Aqua Timez,生きて,2mid1F#,3hiA,
Aqua Timez,しおり,2mid1C,3hiA#,
Aqua Timez,小さな掌,2mid1F,2mid2G#,
Aqua Timez,MASK,2mid1D#,2mid2G#,
Aqua Timez,いつもいっしょ,2mid1D,3hiA#,
Aqua Timez,最後まで,2mid1G,3hiA,
Aqua Timez,STAY GOLD,2mid1E,2mid2G#,
Aqua Timez,Velonica,2mid1B,2mid2G,
Aqua Timez,最後までⅡ,2mid1F#,2mid2G#,
Aqua Timez,月のカーテン,2mid1B,3hiA,
Aqua Timez,平行世界,2mid1E,3hiA,
Aqua Timez,イヴの指輪,2mid1B,2mid2G,
Aqua Timez,風に吹かれて,2mid1D#,2mid2F#,
Aqua Timez,流星のうた,2mid1C#,3hiA#,
Aqua Timez,絵はがきの春,2mid1C#,2mid2G#,
Aqua Timez,薫,2mid1E,2mid2E,
Aqua Timez,静かなる恋の物語,2mid1F#,2mid2F#,
Aqua Timez,ねがお,2mid1F#,2mid2G#,
Aqua Timez,希望の咲く丘から,2mid1D,3hiA,
GReeeeN,愛唄,2mid1D#,3hiC,
GReeeeN,愛し君へ,2mid1C#,3hiC#,
GReeeeN,キセキ,2mid1G,3hiA#,
GReeeeN,星影のエール,2mid1C,3hiC,3hiC
GReeeeN,相思相愛,2mid1B,3hiC#,2mid2G#
GReeeeN,ボクたちの電光石火,2mid1E,3hiC#,
GReeeeN,アイノカタチ,2mid1A,2mid2F,
GReeeeN,歩み,2mid1G,3hiB,
GReeeeN,忍,2mid1A#,3hiD#,
GReeeeN,あの日のオレンジ,1lowG#,3hiC,
GReeeeN,雨唄,2mid1A,3hiC,
GReeeeN,イカロス,2mid1C,3hiD,
GReeeeN,いつまでも,1lowF#,3hiC,3hiA#
GReeeeN,おまじない,2mid1G,3hiA#,3hiA#
GReeeeN,虹,2mid1B,3hiC#,
GReeeeN,オレンジ,2mid1A,3hiC#,3hiA
GReeeeN,フタリ,1lowG#,3hiC,
GReeeeN,風,2mid1F,3hiC,
GReeeeN,Green boys,2mid1E,3hiC#,
GReeeeN,桜color,2mid1C#,3hiD#,
GReeeeN,あいうえおんがく,2mid1G,3hiB,
GReeeeN,アカリ,2mid1A#,3hiC,
GReeeeN,君想い,1lowF#,3hiA,
GReeeeN,U R not alone,2mid1D#,3hiC,
GReeeeN,刹那,2mid1E,3hiA,
GReeeeN,恋,2mid1B,3hiC#,
GReeeeN,ビリーヴ,2mid1A#,3hiD,
GReeeeN,卒業の唄〜アリガトウは何度も言わせて〜,1lowF#,3hiD#,3hiC#
GReeeeN,ソラシド,1lowG#,3hiC,
GReeeeN,空への手紙,2mid1D#,3hiB,
GReeeeN,旅立ち,2mid1F#,2mid2G#,
GReeeeN,手紙〜君たちへ〜,2mid1B,2mid2D#,
GReeeeN,サヨナラから始めよう,1lowG#,3hiA#,
GReeeeN,サヨナラ ありがとう,1lowG,3hiE,
GReeeeN,扉,2mid1C#,3hiC,
GReeeeN,夏の音,2mid1B,3hiC#,
GReeeeN,涙空,2mid1A#,3hiC,
GReeeeN,花唄,2mid1E,3hiA,
GReeeeN,遥か,2mid1A,3hiC#,
GReeeeN,春を待ちわびて,2mid1B,3hiC,
GReeeeN,HEROES,1lowF#,3hiD,
GReeeeN,人,1lowF,3hiB,
GReeeeN,BE FREE,1lowG#,3hiA#,2mid2G#
GReeeeN,ノスタルジア,2mid1C#,3hiC#,3hiC#
GReeeeN,父母唄,2mid1D,2mid2E,
GReeeeN,冬のある日の唄,1lowG,3hiB,
GReeeeN,アメアガリ,2mid1A,3hiC,
GReeeeN,pride,2mid1C#,3hiC#,
GReeeeN,BEST FRIEND,2mid1F,3hiB,
GReeeeN,勝ちドキ,2mid1D,3hiC#,
GReeeeN,星の降る夜に,1lowF#,3hiC#,3hiC#
GReeeeN,僕らの物語,2mid1B,3hiC#,
GReeeeN,僕らは物語,1lowG#,3hiD#,
GReeeeN,またね。,2mid1G,3hiA,3hiD
GReeeeN,未完成ing,2mid1A,3hiE,
GReeeeN,ミセナイナミダハ、きっといつか,1lowF#,3hiA#,
GReeeeN,キミマツ,2mid1C,3hiC,
GReeeeN,PHANTOM〜約束〜,2mid1C#,3hiD#,
GReeeeN,ミドリイロ,2mid1A#,3hiD#,3hiA#
GReeeeN,道,2mid1F,2mid2G#,
GReeeeN,雪の音,2mid1A,3hiC,
GReeeeN,恋文〜ラブレター〜,2mid1A,3hiC#,
GReeeeN,街,1lowG,2mid2G,
GReeeeN,両親への手紙,2mid1A,3hiD,
GReeeeN,子犬,2mid1D,3hiD,
GReeeeN,暁の君に,2mid1D,3hiE,
GReeeeN,ソビト,1lowG,3hiC,3hiA
GReeeeN,カワリバンコハンブンコ,2mid1B,3hiC#,
GReeeeN,STORY,2mid1D,2mid2G,
GReeeeN,beautiful days,2mid1C,3hiC#,
GReeeeN,一番星,1lowG,3hiC,
GReeeeN,光,2mid1F#,3hiB,
GReeeeN,遠くの空 指差すんだ,2mid1C#,3hiA#,
GReeeeN,ユメノート,2mid1A,3hiC#,
GReeeeN,口笛,2mid1C#,3hiB,
GReeeeN,ありがとうなんて言わなくても全部分かってるんだ,2mid2B,3hiC#,
GReeeeN,いつもいつでも,2mid2A,3hiD,
GReeeeN,贈る言葉,2mid1D#,3hiC#,
GReeeeN,SAKAMOTO,2mid1E,2mid2F#,
GReeeeN,約束×No title,2mid2A,3hiB,3hiE
GReeeeN,OH!!!! 迷惑!!!!,1lowG#,3hiE,
GReeeeN,11,2mid1E,3hiB,
GReeeeN,声,2mid1A,3hiA,
GReeeeN,声 〜koe2018〜,1lowF#,3hiA,
GReeeeN,KARAKARA,1lowG,3hiG,
ケツメイシ,さくら,2mid1D#,2mid2G,
ケツメイシ,友よ〜この先もずっと,2mid1G,2mid2G#,
ケツメイシ,バラード,2mid1A#,2mid2G,2mid2G
ケツメイシ,そばにいて,2mid1A,2mid2G,3hiA
ケツメイシ,出会いのかけら,2mid1E,2mid2G#,
ケツメイシ,夏の思い出,2mid1D#,2mid2F#,
ケツメイシ,トレイン,2mid1D,2mid2G#,
ケツメイシ,恋の終わりは意外と静かに,2mid1F#,2mid2G#,
ケツメイシ,仲間,2mid1A#,2mid2G,
ケツメイシ,いい感じ,2mid1G,2mid2G,
ケツメイシ,涙,2mid1D#,2mid2G#,
ケツメイシ,さらば涙,2mid1D,2mid2G,
ケツメイシ,カリフォルニー,2mid1C,2mid2D#,
ケツメイシ,トモダチ,2mid1D#,2mid2G#,
ケツメイシ,始まりの予感,2mid1F,2mid2F,
ケツメイシ,幸せをありがとう,2mid1C#,2mid2D#,
ケツメイシ,君と作る未来,2mid1C#,2mid2D#,
ケツメイシ,カンパイの唄,2mid1F,2mid2G,
ケツメイシ,こだま,2mid1C,2mid2G,
ケツメイシ,月と太陽,2mid1B,2mid2F,
ケツメイシ,また君に会える,2mid1D#,2mid2F#,
スキマスイッチ,奏(かなで),2mid1D,2mid2G#,3hiA#
スキマスイッチ,ガラナ,2mid1F,3hiA#,
スキマスイッチ,アーセンの憂鬱,2mid1F,3hiA,3hiD
スキマスイッチ,藍,2mid1D#,2mid2G#,2mid2G#
スキマスイッチ,青春,2mid1D,3hiA,3hiD
スキマスイッチ,雨待ち風,2mid1C#,3hiB,
スキマスイッチ,アイスクリームシンドローム,2mid1E,3hiA,3hiC#
スキマスイッチ,Ah Yeah!!,2mid1C,3hiA#,
スキマスイッチ,石ころDays,2mid1D,3hiA,3hiB
スキマスイッチ,糸ノ意図,2mid1E,2mid2G#,3hiB
スキマスイッチ,君の話,2mid1A#,2mid2G#,
スキマスイッチ,ゲノム,2mid1C#,2mid2G#,3hiC#
スキマスイッチ,ゴールデンタイムラバー,2mid1D#,2mid2G#,
スキマスイッチ,桜夜風,2mid1D,3hiA,
スキマスイッチ,雫,2mid1E,2mid2G#,
スキマスイッチ,スフィアの羽根,2mid1F#,2mid2G#,3hiB
スキマスイッチ,全力少年,2mid1D,3hiA,
スキマスイッチ,トラベラーズ・ハイ,2mid1D,3hiA,3hiB
スキマスイッチ,螺旋,2mid1E,3hiA,3hiC
スキマスイッチ,虹のレシピ,2mid1F#,3hiA,3hiB
スキマスイッチ,猫になれ,2mid1D#,2mid2G#,
スキマスイッチ,飲みにこないか,2mid1E,2mid2G#,
スキマスイッチ,晴ときどき曇,2mid1C,3hiA,
スキマスイッチ,夏のコスモナウト,2mid1C#,3hiB,3hiC#
スキマスイッチ,冬の口笛,2mid1D#,2mid2G,3hiD#
スキマスイッチ,レモネード,2mid1E,2mid2G#,3hiA
スキマスイッチ,ふれて未来を,2mid1E,2mid2G,3hiC
スキマスイッチ,ボクノート,2mid1E,2mid2G,3hiA#
スキマスイッチ,星のうつわ,2mid1D,2mid2G,
スキマスイッチ,病院に行く,2mid1E,2mid2G#,
スキマスイッチ,双星(ふたぼし)プロローグ,2mid1G,3hiA,3hiC
スキマスイッチ,view,2mid1F#,3hiA,3hiA
スキマスイッチ,Hello Especially,2mid1F#,3hiB,3hiC#
スキマスイッチ,パラボラヴァ,2mid1E,3hiA,
スキマスイッチ,僕と傘と日曜日,2mid1F,3hiA#,3hiA#
スキマスイッチ,マリンスノウ,2mid1C#,2mid2F#,3hiA
スキマスイッチ,未来花,2mid1A,2mid2G,3hiC
スキマスイッチ,ユリーカ,2mid1E,3hiA#,
スキマスイッチ,LINE,2mid1C#,3hiA#,3hiC#
スキマスイッチ,Revival,1lowG#,2mid2G#,
スキマスイッチ,さいごのひ,2mid1A,3hiA,3hiA
スキマスイッチ,スカーレット,2mid1C,2mid2G,3hiC
スキマスイッチ,時間の止め方,2mid1B,3hiA,3hiA
スキマスイッチ,蝶々ノコナ,2mid1C#,3hiA,
スキマスイッチ,願い言,2mid1F#,3hiA,
SMAP,ありがとう,2mid1C#,2mid2G#,3hiA#
SMAP,オレンジ,2mid1B,2mid2G,2mid2G
SMAP,がんばりましょう,2mid1F#,2mid2G#,2mid2G#
SMAP,しようよ,2mid1C,2mid2G#,
SMAP,世界に一つだけの花,2mid1E,2mid2F#,
SMAP,そっと きゅっと,2mid1C#,2mid2F#,
SMAP,This is love,2mid1D,2mid2F#,
SMAP,僕の半分,2mid1B,2mid2F#,
SMAP,夜空ノムコウ,2mid1F,2mid2G,
SMAP,らいおんハード,2mid1D,2mid2G,
SMAP,雪が降ってきた,2mid1F,2mid2G,
SMAP,青いイナズマ,2mid1D,2mid2G,
SMAP,俺たちに明日はある,2mid1E,3hiA,
SMAP,ずっと忘れない,2mid1F,2mid2G,
SMAP,はじめての夏,2mid1D#,2mid2G,
SMAP,Dear WOMAN,2mid1C,2mid2G,
SMAP,弾丸ファイター,2mid1G,3hiA,3hiA
SMAP,ずっと忘れない,2mid1F,2mid2G,
SMAP,君色思い,2mid1D,2mid2F#,
SMAP,たいせつ,2mid1B,2mid2G#,
SMAP,Smac,2mid1D,2mid2F#,
SMAP,笑顔のゲンキ,2mid1E,2mid2F,
DA PUMP,if…,2mid1G#,3hiA,
DA PUMP,U.S.A,2mid2B,3hiB,3hiD
DA PUMP,桜,2mid1F,3hiA#,
DA PUMP,Joyful,2mid1E,3hiA,
DA PUMP,Purple The Orion,2mid1E,3hiA,
DA PUMP,Crazy Rain,2mid2A,3hiA,
DA PUMP,I wonder…,2mid1G,3hiA,
DA PUMP,Stay Together,2mid2A,3hiA#,
DA PUMP,CORAZON,2mid1G,3hiA,
DA PUMP,Stay with me,2mid1F#,3hiB,
DA PUMP,Bright! our Future,2mid2A,3hiA,
DA PUMP,轍-WADACHI-,2mid1D,3hiC,
橘慶太,道標,2mid1G#,3hiA#,
橘慶太,FRIEND,2mid1E,3hiA,
橘慶太,桜想ふ,2mid1F,3hiA#,3hiC
橘慶太,キャンドル,2mid1D,3hiA#,3hiC
橘慶太,恋愛道,2mid1F,2mid2G#,
橘慶太,キミノコエ,2mid1E,3hiA,
橘慶太,少年,2mid1C#,2mid2G#,3hiC#
橘慶太,声,2mid1D#,2mid2F#,
橘慶太,覚醒,2mid1C#,2mid2G#,
橘慶太,愛のカタチ,2mid1G,3hiA#,3hiC
長渕剛,乾杯,2mid1D,2mid2G,
長渕剛,ひまわり,2mid1A,2mid2D,
長渕剛,金色のライオン,1lowG,2mid2F#,
長渕剛,とんぼ,2mid1D,2mid2G,
長渕剛,順子,2mid1E,2mid2G,3hiA
長渕剛,ひとつ,2mid1B,3hiA,3hiB
長渕剛,ろくなもんじゃねえ,2mid1E,2mid2G#,
長渕剛,しゃぼん玉,2mid1D,2mid2E,
長渕剛,しあわせになろうよ,2mid1B,2mid2F,
長渕剛,CLOSE YOUR EYES,1lowF,2mid2G,
長渕剛,青春,2mid1A,2mid2G,
長渕剛,俺らの家まで,2mid1A,3hiA,
長渕剛,JAPAN,2mid1E,2mid2F#,
長渕剛,恋人時代,2mid1C#,hiA,
長渕剛,Orange,2mid1C,2mid2F,
長渕剛,夏祭り,2mid1B,mid2G#,
長渕剛,交差点,2mid1E,hiA,
長渕剛,愛してるのに,2mid1F#,hiB,
長渕剛,カラス,2mid1G,hiA,
長渕剛,ヒロイン,2mid1E,hiA,
中西保志,最後の雨,2mid1B,3hiA,
中西保志,ハナミズキ,2mid1D,2mid2F,
中西保志,ラヴ・イズ・オーヴァー,2mid1D,2mid2E,
中西保志,はじまりはいつも雨,2mid1D,2mid2F,
中西保志,想い出を閉じ込めて,2mid1C,3hiA,
中西保志,千年前から君を見つめていた,1lowG#,2mid2G#,
中西保志,だから憶えている,2mid1B,2mid2G#,
中西保志,君が微笑むなら,2mid1C,3hiA#,
中西保志,サヨナラが待っている,2mid1B,2mid2F,
中西保志,どうして君を傷つけたのだろう,2mid1E,3hiA#,
中西保志,LAST CALL,2mid1C#,3hiA#,2mid2F#
中西保志,歓送の歌,2mid1C,2mid2F,
back number,瞬き,2mid1F,2mid2G#,3hiC
back number,アップルパイ,2mid1F#,2mid2G#,3hiD
back number,笑顔,2mid1C#,3hiA#,
back number,思い出せなくなるその日まで,2mid1B,3hiA,
back number,恋,2mid1E,2mid2F#,
back number,わたがし,2mid1E,3hiA,3hiC
back number,君の恋人になったら,2mid1C,3hiA,3hiC
back number,クリスマスソング,2mid1B,3hiA,3hiC#
back number,ささえる人の歌,2mid1E,3hiA,3hiA
back number,青い春,2mid1B,3hiC,
back number,怪盗,2mid1A,3hiA,3hiB
back number,黄色,2mid1D,2mid2G,3hiB
back number,サイレン,2mid1F#,3hiA,3hiE
back number,聖者の行進,2mid1B,3hiA,3hiE
back number,高嶺の花子さん,2mid1E,3hiB,3hiD
back number,大不正解,2mid1C,2mid2G#,
back number,繋いだ手から,2mid1C#,3hiA,3hiB
back number,手紙,2mid1D#,2mid2G,3hiC
back number,雨と僕の話,2mid1D,3hiA,3hiB
back number,ハッピーエンド,2mid1C#,3hiA,3hiB
back number,電車の窓から,2mid1D,2mid2G,
back number,日曜日,2mid1F,3hiA,3hiC
back number,HAPPY BIRTHDAY,1lowF#,2mid2G#,3hiB
back number,花束,2mid1A,3hiA#,3hiC
back number,水平線,2mid1D,2mid2G,3hiC
back number,はなびら,2mid1D,3hiA,
back number,半透明人間,2mid1C#,3hiA#,
back number,ヒロイン,2mid1D,3hiB,3hiB
back number,fish,2mid1F,3hiA#,
back number,幸せ,2mid1B,3hiA,
back number,泡と羊,2mid1B,3hiA,3hiB
back number,ARTIST,2mid1D,3hiA,3hiA
back number,オールドファッション,2mid1C#,3hiA,3hiB
back number,エメラルド,2mid1E,3hiA,3hiB
back number,黒い猫の歌,2mid1C#,3hiA,3hiA
back number,stay with me,2mid1F#,2mid2G#,3hiB
back number,スーパースターになったら,2mid1D,3hiA,
back number,僕の名前を,2mid1C#,2mid2G#,3hiA
back number,世田谷ストーリー,2mid1A,3hiA,3hiB
back number,そのドレスちょっと待った,2mid1E,3hiA,
back number,003,2mid1C#,3hiA,
back number,東京の夕焼け,2mid1D,3hiA,
back number,春を歌にして,2mid1A#,3hiA#,3hiA#
back number,光の街,2mid1B,3hiA,
back number,平日のブルース,2mid1D#,3hiA,3hiB
back number,僕は君の事が好きだけど君は僕を別に好きじゃないみたい,2mid1E,3hiA#,3hiA#
back number,ミラーボールとシャンデリア,2mid1C,3hiA,3hiC
back number,MOTTO,2mid1C#,3hiA,
back number,Liar,2mid1E,3hiA#,3hiC
back number,リッツパーティー,2mid1F#,2mid2G#,
back number,君の代わり,2mid1E,2mid2F#,
back number,こわいはなし,2mid1E,3hiA,
back number,おまえさん,2mid1E,3hiC,
back number,bird's sorrow,2mid1F#,3hiA,3hiB
back number,tender,2mid1C,3hiC,
back number,頬を濡らす雨のように,2mid1G#,2mid2G#,3hiA#
back number,SISTER,2mid1A#,2mid2G#,3hiC#
back number,サマーワンダーランド,2mid1E,2mid2F#,3hiA
back number,君はいらないだろうな,2mid1D,2mid2F#,2mid2E
back number,エンディング,2mid1D,3hiA,
back number,こぼれ落ちて,2mid1C#,3hiA,
back number,君がドアを閉めた後,2mid1F#,2mid2G#,
back number,風の強い日,2mid1C,3hiA#,
back number,あとのうた,2mid1C#,3hiB,
back number,西藤公園,2mid1D,3hiA,
back number,いつか忘れてしまっても,2mid1A,3hiA,
back number,信者よ盲目であれ,2mid1B,3hiB,3hiB
back number,僕が今できることを,2mid1D#,2mid2G#,2mid2G#
back number,優柔不断宣言,2mid1F#,2mid2G#,2mid2G#
back number,強化書,2mid1D,3hiA,3hiB
back number,ゆめなのであれば,2mid1D,2mid2G,3hiB
back number,チェックのワンピース,2mid1D#,2mid2G#,
back number,魔女と僕,2mid1C#,2mid2F#,
back number,あかるいよるに,2mid1A,3hiA,3hiD
back number,海岸通り,2mid1B,3hiA,3hiB
back number,ベルベットの詩,2mid1D#,3hiA#,3hiA#
back number,アイラブユー,1lowG#,2mid2G#,3hiA#
back number,秘密のキス,2mid1E,3hiA,3hiC#
back number,ゴールデンアワー,2mid1E,3hiA,3hiC
back number,添い寝チャンスは突然に,2mid1G,3hiA,3hiB
back number,Silent Journey in Tokyo,2mid1D,2mid2G,3hiD
back number,赤い花火,2mid1C#,2mid2F,2mid2G#
back number,ヒーロースーツ,2mid1C#,3hiA,3hiA
flumpool,証,2mid1A#,3hiA,3hiC
flumpool,Over the rain～ひかりの橋～,2mid1C#,3hiA#,
flumpool,花になれ,2mid1E,3hiA,
flumpool,素晴らしき嘘,2mid1A#,hiB,
flumpool,残像,1lowG,2mid2G,
flumpool,未来,2mid1E,2mid2G,
flumpool,LOST,2mid1D,3hiA,3hiA
flumpool,夜は眠れるかい,2mid1B,2mid2G,3hiB
flumpool,reboot ～あきらめない詩～,2mid1F#,3hiA,
flumpool,labo,2mid1C#,2mid2G,
flumpool,星に願いを,2mid1F#,3hiA,
flumpool,388859,2mid1B,2mid2G#,
flumpool,今年の桜,2mid1D#,2mid2G#,2mid2G#
flumpool,大切なものは君以外に見当たらなくて,2mid1D,3hiA#,3hiA#
flumpool,強く儚く,2mid1D#,2mid2G#,
flumpool,two of us,2mid1C,2mid2G,
flumpool,僕はここにいる,2mid1A,2mid2G#,3hiA
flumpool,明日キミが泣かないように,2mid1D#,2mid2G#,3hiB
flumpool,Hello,2mid1E,3hiA,
flumpool,for no one,2mid1F,2mid2G#,
flumpool,流れ星,2mid1B,2mid2F#,
flumpool,春風,2mid1A,3hiA,
flumpool,ネバーマインド,2mid1G#,hiA,
まふまふ,女の子になりたい,2mid1D#,3hiE,
まふまふ,廃墟の国のアリス,2mid1F#,3hihiA,
まふまふ,拝啓、桜舞い散るこの日に,2mid1F,3hiF,
まふまふ,終点,2mid1A#,3hihiA#,
まふまふ,サクリファイス,2mid1G,3hiG,3hiG
まふまふ,ジグソーパズル,2mid1A#,3hiC#,
まふまふ,携帯電話,2mid1G#,3hiC#,3hiC#
まふまふ,悔やむと書いてミライ,2mid1G,3hiD,
まふまふ,輪廻転生,2mid1D,3hiG,
まふまふ,夢のまた夢,2mid1G,3hiG,
まふまふ,アルターエゴ,2mid1E,3hiG,
まふまふ,それを愛と呼ぶだけ,2mid1G,3hiG,3hihiA
まふまふ,立ち入り禁止,2mid1G,3hiF,3hiF
Mr.Children,HANABI,1lowG#,3hiA,
Mr.Children,足音 〜Be Strong,2mid1D,3hiA#,
Mr.Children,雨のち晴れ,2mid1D#,3hiA#,
Mr.Children,いつの日にか二人で,2mid1C,2mid2G#,
Mr.Children,祈り 〜涙の軌道,2mid1A,3hiA#,3hiC
Mr.Children,innocent world,2mid1C#,3hiB,3hiC#
Mr.Children,彩り,2mid1B,3hiA,
Mr.Children,終わりなき旅,2mid1B,3hiC#,
Mr.Children,秋がくれた切符,2mid1A#,2mid2F,2mid2G#
Mr.Children,空風の帰り道,2mid1A,2mid2F,
Mr.Children,擬態,2mid1C,3hiA#,
Mr.Children,CROSS ROAD,2mid1D,3hiA,3hiD
Mr.Children,ヒカリノアトリエ,1lowG#,3hiA,
Mr.Children,くるみ,2mid1E,2mid2G#,3hiF
Mr.Children,himawari,2mid1A,3hiA,
Mr.Children,エソラ,2mid1A#,3hiA#,3hiA#
Mr.Children,Sign,2mid1A,3hiB,
Mr.Children,GIFT,2mid1A,3hiB,3hiB
Mr.Children,シーソーゲーム 〜勇敢な恋の歌〜,2mid1B,3hiB,
Mr.Children,しるし,2mid1C,3hiB,3hiA#
Mr.Children,ストレンジカメレオン,2mid1E,3hiD,
Mr.Children,抱きしめたい,2mid1D,3hiA,3hiB
Mr.Children,turn over?,2mid1C,2mid2G#,2mid2G#
Mr.Children,旅立ちの唄,2mid1A#,2mid2G#,
Mr.Children,掌,2mid1C,3hiB,3hiC
Mr.Children,Birthday,1lowG#,3hiA,
Mr.Children,SINGLES,2mid1B,3hiC,
Mr.Children,Tomorrow never knows,2mid1F,3hiB,
Mr.Children,REM,2mid1F#,3hiD,3hiB
Mr.Children,未完,2mid1F#,3hiB,3hiB
Mr.Children,車の中でかくれてキスをしよう,2mid1D,2mid2G,
Mr.Children,Drawing,1lowE,3hiA,
Mr.Children,名もなき詩,2mid1C,3hiA#,
Mr.Children,NOT FOUND,2mid1C#,3hiA,2hiC#
Mr.Children,fanfare,2mid1C#,3hiA#,
Mr.Children,and I love you,2mid2A,3hiB,3hiD
Mr.Children,花-Memento-Mori-,2mid1D,3hiA,
Mr.Children,光の射す方へ,2mid1E,3hiB,
Mr.Children,Your Song,2mid1A#,2mid2F,
Mr.Children,フェイク,2mid1F,3hiB,
Mr.Children,花の匂い,2mid1D,2mid2G,
Mr.Children,もっと,2mid1E,3hiA,3hiC#
Mr.Children,箒星,2mid1A,3hiA,3hiB
Mr.Children,君と重ねたモノローグ,2mid1C,2mid2G,
Mr.Children,マシンガンをぶっ放せ,2mid1A,2mid2G,
Mr.Children,Everything（It's you）,2mid1D,2mid2G,
Mr.Children,youthful days,2mid1B,2mid2G#,3hiB
Mr.Children,Forever,2mid1C,2mid2F,
Mr.Children,手紙,2mid1D,2mid2G,
Mr.Children,Heavenly kiss,2mid1A,2mid2F#,
Mr.Children,タガタメ,2mid1C,3hiB,
Mr.Children,CANDY,2mid1D,3hiA,3hiB
Mr.Children,星になれたら,2mid1E,3hiA,
Mr.Children,海にて、心は裸になりたがる,2mid1C,3hiA,
Mr.Children,HERO,2mid1A,3hiA,3hiA
Mr.Children,ニシエヒガシエ,2mid1F,2mid2G,
Mr.Children,Worlds end,2mid1C,2mid2G,
Mr.Children,#2601,2mid1C#,3hiA#,
Mr.Children,箱庭,2mid1D,3hiA,
Mr.Children,タイムマシーンに乗って,2mid1C#,2mid2F#,
Mr.Children,靴ひも,2mid1E,3hiA#,
Mr.Children,Another Story,2mid1F,2mid2G,3hiA#
Mr.Children,いつでも微笑みを,2mid1D,3hiA,
Mr.Children,常套句,2mid1D#,3hiA,
Mr.Children,here comes my love,2mid1C#,2mid2G#,3hiC#
Mr.Children,Simple,2mid1B,3hiA,
Mr.Children,Prism,2mid1D,3hiA,
Mr.Children,ALIVE,2mid1E,3hiA,
Mr.Children,1999年、夏、沖縄,2mid1A,2mid2E,
Mr.Children,Starting Over,2mid1A#,3hiC,3hiC
Mr.Children,妄想満月,2mid1B,2mid2E,
Mr.Children,Prelude,2mid1A,3hiB,
Mr.Children,口笛,1lowG,3hiA,
Mr.Children,Over,2mid1D,2mid2G#,3hiA#
Mr.Children,潜水,2mid1A,2mid2F,
米津玄師,Lemon,2mid1B,3hiB,3hiB
米津玄師,感電,2mid1B,2mid2G#,3hiC#
米津玄師,灰色と青(+菅田将暉),2mid1B,3hiA,
米津玄師,KICK BACK,2mid1E,3hiA#,
米津玄師,LADY,2mid1D,3hiA,3hiB
米津玄師,まちがいさがし,1lowG,3hiA,
米津玄師,ピースサイン,2mid1D#,2mid2G#,
米津玄師,飛燕,2mid1D,3hiA,
米津玄師,春雷,2mid1C,2mid2G#,
米津玄師,PLACEBO + 野田洋次郎,2mid1C#,2mid2G#,
米津玄師,POP SONG,2mid1D,2mid2G,3hiA
米津玄師,Pale Blue,2mid1D,3hiA,3hiC#
米津玄師,メトロノーム,2mid1D,2mid2G,3hiC
米津玄師,ポッピンアパシー,2mid1D#,2mid2F#,2mid2G#
米津玄師,サンタマリア,2mid1B,2mid2F#,3hiC#
米津玄師,アイネクライネ,2mid1C#,2mid2G#,2mid2G#
米津玄師,orion,2mid1D#,3hiA#,3hiA#
米津玄師,LOSER,2mid1C#,3hiA#,
米津玄師,ゆめうつつ,2mid1C,2mid2G,3hiA#
米津玄師,死神,1lowG,2mid2G,3hiA
米津玄師,カムパネルラ,2mid1D,3hiB,3hiB
米津玄師,Flamingo,2mid1D,3hiA,
米津玄師,リビングデッド・ユース,2mid1F#,2mid2G,3hiB
米津玄師,パプリカ(米津玄師),2mid1D,2mid2F#,3hiB
米津玄師,打上花火(DAOKO),2mid1A#,3hiD#,
米津玄師,MAD HEAD LOVE,2mid1D,2mid2G,
米津玄師,鳥にでもなりたい,2mid1D,2mid2F,2mid2G
米津玄師,TOXIC BOY,2mid1D,2mid2F#,3hiB
米津玄師,caribou,2mid1A,2mid2E,
米津玄師,WOODEN DOLL,2mid1D#,2mid2F,3hiC
米津玄師,駄菓子屋商売,2mid1C#,2mid2F#,3hiC#
米津玄師,フローライト,2mid1D,2mid2G,2mid2G#
米津玄師,vivi,2mid1A#,2mid2F,2mid2G#
米津玄師,アンビリーバーズ,2mid1A#,2mid2G#,3hiA#
米津玄師,あたしはゆうれい,2mid1C,2mid2F#,2mid2G#
米津玄師,恋と病熱,2mid1B,2mid2F#,2mid2G
米津玄師,TEENAGE RIOT,2mid1B,3hiB,
米津玄師,Flowerwall,2mid1C,2mid2G,
米津玄師,かいじゅうのマーチ,2mid1B,2mid2G#,3hiA
米津玄師,メランコリーキッチン,2mid1E,2mid2F#,3hiA
米津玄師,優しい人,2mid1C#,2mid2F#,3hiB
米津玄師,砂の惑星,2mid1D#,2mid2G#,
米津玄師,馬と鹿,2mid1C,3hiA#,3hiA#
米津玄師,ナンバーナイン,2mid1D,2mid2G,3hiB
米津玄師,海の幽霊,2mid1C#,3hiA,3hiE
米津玄師,ゴーゴー幽霊船,2mid1A#,2mid2G,3hiA#
米津玄師,Nighthawks,2mid1C,3hiA,
米津玄師,爱丽丝,2mid1D,2mid2G#,
米津玄師,Paper Flower,1lowG#,2mid2G#,3hiA
米津玄師,雨と山椒魚,2mid1C,2mid2G,3hiA
米津玄師,ミラージュソング,2mid1E,2mid2G#,
米津玄師,ホラ吹き猫野郎,2mid1C#,2mid2F,3hiA#
米津玄師,打上花火(米津玄師),2mid1C,3hiA,
米津玄師,心像放映,2mid1D#,2mid2F,
米津玄師,Blue Jasmine,2mid1D#,2mid2G#,
米津玄師,KARMA CITY,2mid1A#,2mid2F,3hiA#
米津玄師,ひまわり,2mid1E,3hiA,
米津玄師,こころにくだもの,2mid1D#,2mid2G#,
米津玄師,眼福,2mid1E,2mid2F#,3hiB
米津玄師,でしょましょ,1lowF#,2mid2G,
米津玄師,トイパトリオット,2mid1C#,2mid2F#,
米津玄師,しとど晴天大迷惑,2mid1D,2mid2G,2mid2G
米津玄師,カナリヤ,2mid1C,3hiA,3hiD
米津玄師,クランベリーとパンケーキ,1lowG,2mid2G,
米津玄師,迷える羊,2mid1C,2mid2G,3hiC
米津玄師,シンデレラグレイ,2mid1D,2mid2G,3hiA#
米津玄師,Décolleté,3mid1A#,3hiA,2mid2G
米津玄師,翡翠の狼,2mid1D#,3hiA#,
UNISON SQUARE GARDEN,オリオンをなぞる,2mid1G#,3hiB,
UNISON SQUARE GARDEN,シュガーソングとビターステップ,2mid1F#,3hiB,
UNISON SQUARE GARDEN,天国と地獄,2mid1C#,3hiC#,
UNISON SQUARE GARDEN,等身大の地球,2mid1A,3hiB,
UNISON SQUARE GARDEN,僕は君になりたい,2mid1G,3hiA,
UNISON SQUARE GARDEN,夜が揺れている,2mid1G,3hiA#,
UNISON SQUARE GARDEN,アンドロメダ,2mid1E,3hiC,
UNISON SQUARE GARDEN,cody beats,2mid2A,3hiC,
UNISON SQUARE GARDEN,さよならサマータイムマシン,2mid1G#,3hiB,
UNISON SQUARE GARDEN,何かが変わりそう,2mid1E,3hiB,
UNISON SQUARE GARDEN,一人思うは雨の中,2mid1F#,3hiA#,
UNISON SQUARE GARDEN,アイラブニージュー,2mid2B,3hiB,
UNISON SQUARE GARDEN,桜のあと(all quartets lead to the?),2mid2A,3hiB,
UNISON SQUARE GARDEN,リニアブルーを聴きながら,2mid1G#,3hiC,
UNISON SQUARE GARDEN,春が来てぼくら,2mid1E,3hiB,
UNISON SQUARE GARDEN,fake town baby,2mid1G#,3hiC#,
UNISON SQUARE GARDEN,Phantom  Joke,2mid2A,3hiC,3hiD
UNISON SQUARE GARDEN,君の瞳に恋してない,2mid1F,3hiB,3hiC
UNISON SQUARE GARDEN,流星のスコール,2mid1B,3hiB,
RADWIMPS,有心論,2mid1A,2mid2G,
RADWIMPS,いいんですか？,2mid1F#,2mid2G#,2mid2G#
RADWIMPS,新世界,2mid1D,2mid2G,2mid2G
RADWIMPS,トレモロ,2mid1E,2mid2G,
RADWIMPS,セプテンバーさん,2mid1A,2mid2G,3hiA
RADWIMPS,夏のせい,2mid1E,2mid2F#,
RADWIMPS,愛にできることはまだあるかい,2mid1C#,2mid2F#,
RADWIMPS,me me she,2mid1B,3hiA,
RADWIMPS,スパークル,2mid1B,2mid2G#,
RADWIMPS,君と羊と青,2mid1E,2mid2G#,
RADWIMPS,最大公約数,2mid1A#,2mid2G#,3hiA#
RADWIMPS,なんでもないや,2mid1C#,3hiA#,3hiB
RADWIMPS,遠恋,2mid1E,3hiA,
RADWIMPS,ふたりごと,2mid1F,2mid2G,3hiD
RADWIMPS,前前前世,2mid1F#,2mid2F#,
RADWIMPS,05410-(ん),2mid1G,2mid2G#,
RADWIMPS,おしゃかしゃま,2mid1F,2mid2G#,3hiA#
RADWIMPS,音の葉,2mid1D,2mid2E,
RADWIMPS,そっけない,2mid1E,2mid2G,3hiA#
RADWIMPS,雨音子,2mid2A,2mid2G,
RADWIMPS,だいだらぼっち,2mid1E,2mid2F#,
RADWIMPS,夢見月に何想ふ,2mid1F#,2mid2G#,3hiD#
RADWIMPS,コンドーム,2mid1G,2mid2G,
RADWIMPS,叫べ,2mid1B,2mid2G#,3hiC#
RADWIMPS,ジェニファー山田さん,2mid1F#,3hiA,3hiA
RADWIMPS,夢灯籠,2mid1A#,2mid2G#,
RADWIMPS,夢番地,2mid1E,3hiA,3hiA
RADWIMPS,ララバイ,2mid1E,2mid2F#,3hiB
RADWIMPS,One Man Live,2mid1E,2mid2G,3hiA
RADWIMPS,指きりげんまん,2mid1G,3hiA,3hiA
RADWIMPS,ます。,2mid2A,3hiA,
レベッカ,フレンズ,2mid2B,3hiC,
レベッカ,MOON,2mid2B,3hiC#,
レベッカ,ラズベリー・ドリーム,2mid2D,3hiD,3hiE
レベッカ,蜃気楼,2mid2A,3hiD,
レベッカ,LONELY BUTTERELY,2mid1G,3hiD,
レベッカ,LOVE PASSION,2mid2D,3hiD,
レベッカ,プライベイト・ヒロイン,2mid2C#,3hiD#,
レベッカ,恋に堕ちたら,2mid1F,3hiD#,
レベッカ,ガールズブラボー,2mid2C,3hiD,
レベッカ,Cotton Time,2mid2B,3hiC#,
レベッカ,ヴァージニティー,mid2D,hiD,
レベッカ,Maybe Tomorrow,mid2A,hiC,
レベッカ,真夏の雨,mid1G,hiG,
レベッカ,フリーウェイ・シンフォニー,mid2C,hiD,
レベッカ,恋に堕ちたら,mid1F,hiD#,
レベッカ,ラブイズCash,mid2C#,hiD#,
レベッカ,OLIVE,mid2A#,hiC,
WANIMA,ともに,2mid1F,3hiC#,
WANIMA,いいから,2mid1F,3hiA#,
WANIMA,やってみよう,2mid1G,3hiC,
WANIMA,アゲイン,2mid1G,3hiD,
WANIMA,シグナル,2mid1G#,3hiC#,
WANIMA,THANX,3mid1G#,3hiA,
WANIMA,ヒューマン,2mid1G,3hiD,
WANIMA,CHEEKY,2mid2A,3hihiA,
WANIMA,1106,2mid1G#,2mid2G#,
WANIMA,Drive,2mid1G,3hiC,
WANIMA,TRACE,2mid2A,3hiB,
WANIMA,GONG,3mid1G#,3hiC#,
WANIMA,春を待って,2mid2A,3hiB,
WANIMA,夏のどこかへ,2mid2D,3hiD,
WANIMA,HOME,2mid1G#,3hiB,
WANIMA,りんどう,2mid1D,3hiC,
WANIMA,オドルヨル,2mid2C,3hiD,
WANIMA,1CHANCE,2mid1F#,3hiA#,
WANIMA,CHARM,2mid2A#,3hiA#,
WANIMA,リベンジ,2mid2A,3hiA,
WANIMA,Japanese Pride,2mid2C#,3hiA#,
WANIMA,これだけは,2mid2B,3hiC#,
wacci,別の人の彼女になったよ,2mid1A,2mid2F#,
wacci,感情,2mid1C#,2mid2F#,
wacci,フレンズ,2mid1D,2mid2F#,
wacci,キラメキ,2mid1C#,2mid2G#,2mid2G#
wacci,大丈夫,2mid1C#,3hiA,
wacci,結,2mid1C,2mid2G#,
wacci,花束にして,2mid1A#,2mid2G,3hiB
wacci,会いに行くよ,2mid1D#,2mid2G#,
wacci,さかな,2mid1B,3hiA,
wacci,Baton,2mid1A#,2mid2F,
wacci,歩み,2mid1D,3hiA,3hiA
wacci,君なんだよ,2mid1D#,2mid2F#,3hiA
wacci,東京,2mid1B,3hiA,
wacci,足りない,2mid1A,2mid2G,3hiA
wacci,ヒーロー,2mid1A#,2mid2G#,
wacci,坂道,2mid1B,2mid2G#,
wacci,夏休み,2mid1D#,2mid2G#,
wacci,誰ニモマケズ,2mid1E,3hiA,
wacci,サンタクロースを僕に,2mid1A#,2mid2G#,3hiC
